City_ID,City_ID,City,Country,Date,Lat,Lng,Max Temp,Humidity,Cloudiness,Wind Speed
1,1,Mao,ES,2021-10-02 15:36:46,39.8885,4.2658,73.96,68,40,8.05
6,6,Chama,CH,2021-10-02 15:39:12,47.1821,8.4636,71.76,56,70,2.3
7,7,Rikitea,PF,2021-10-02 15:39:12,-23.1203,-134.9692,72.64,72,2,21.25
11,11,Puerto Del Rosario,ES,2021-10-02 15:39:14,28.5004,-13.8627,83.88,78,0,17.27
13,13,Shelburne,CA,2021-10-02 15:39:14,44.0787,-80.2041,70.12,61,99,13.67
14,14,Destin,US,2021-10-02 15:34:30,30.3935,-86.4958,84.4,82,1,9.22
15,15,Jamestown,US,2021-10-02 15:38:48,42.097,-79.2353,68.02,64,1,4.0
16,16,Presidencia Roque Saenz Pena,AR,2021-10-02 15:39:15,-26.7852,-60.4388,72.36,73,99,6.08
17,17,Phetchabun,TH,2021-10-02 15:39:15,16.25,101.0833,77.95,89,98,2.08
21,21,Ribeira Grande,PT,2021-10-02 15:39:16,38.5167,-28.7,77.4,78,40,14.97
23,23,Manado,ID,2021-10-02 15:39:16,1.4869999999999999,124.8455,77.77,94,40,1.14
27,27,Hilo,US,2021-10-02 15:39:17,19.7297,-155.09,73.13,91,90,5.75
29,29,Faanui,PF,2021-10-02 15:35:25,-16.4833,-151.75,79.21,69,29,19.04
30,30,Albany,US,2021-10-02 15:39:18,42.6001,-73.9662,69.31,72,91,1.01
31,31,Saint-Philippe,RE,2021-10-02 15:34:40,-21.3585,55.7679,73.22,81,41,11.54
32,32,Andros Town,BS,2021-10-02 15:39:18,24.7,-77.7667,84.16,65,89,16.51
33,33,Bethel,US,2021-10-02 15:39:19,41.3712,-73.414,70.48,71,1,10.36
34,34,Arraial Do Cabo,BR,2021-10-02 15:39:19,-22.9661,-42.0278,82.36,61,0,3.44
44,44,Kapaa,US,2021-10-02 15:34:58,22.0752,-159.319,77.32,82,75,13.8
48,48,Yulara,AU,2021-10-02 15:39:23,-25.2406,130.9889,73.24,25,0,19.57
49,49,Puerto Ayora,EC,2021-10-02 15:39:23,-0.7393,-90.3518,71.44,83,94,9.13
50,50,San Cristobal,VE,2021-10-02 15:35:01,7.7669,-72.225,77.18,46,97,8.05
51,51,Mahebourg,MU,2021-10-02 15:39:23,-20.4081,57.7,74.25,78,75,17.27
56,56,Boende,CD,2021-10-02 15:39:25,-0.2167,20.8667,79.07,69,100,2.55
57,57,Kahului,US,2021-10-02 15:35:45,20.8947,-156.47,77.85,84,75,10.36
58,58,Atuona,PF,2021-10-02 15:39:25,-9.8,-139.0333,77.88,74,42,22.73
67,67,Karwar,IN,2021-10-02 15:39:28,14.8,74.1333,79.93,90,46,9.75
70,70,Hithadhoo,MV,2021-10-02 15:39:29,-0.6,73.0833,83.1,74,44,9.64
72,72,Vaini,TO,2021-10-02 15:39:30,-21.2,-175.2,71.76,94,75,11.5
73,73,Florianopolis,BR,2021-10-02 15:39:30,-27.6146,-48.5012,72.12,73,90,1.01
78,78,Broome,US,2021-10-02 15:34:42,42.2506,-75.833,68.58,64,1,1.99
83,83,Sao Filipe,CV,2021-10-02 15:39:32,14.8961,-24.4956,79.93,80,40,7.14
84,84,Dingle,PH,2021-10-02 15:39:32,10.9995,122.6711,77.0,90,100,2.06
86,86,Manokwari,ID,2021-10-02 15:39:33,-0.8667,134.0833,78.1,83,100,4.45
87,87,Castro,BR,2021-10-02 15:39:33,-24.7911,-50.0119,71.8,69,100,2.3
89,89,Ankazobe,MG,2021-10-02 15:39:34,-18.3167,47.1167,66.61,49,5,13.87
91,91,Meulaboh,ID,2021-10-02 15:39:34,4.1363,96.1285,77.27,83,99,1.34
92,92,Ankazoabo,MG,2021-10-02 15:39:35,-22.2833,44.5167,78.66,56,66,8.88
97,97,Puerto Madero,MX,2021-10-02 15:39:36,14.7208,-92.4215,84.4,79,20,0.0
98,98,Sechura,PE,2021-10-02 15:39:36,-5.5569,-80.8222,73.63,59,48,10.16
100,100,San Juan,AR,2021-10-02 15:35:31,-31.5375,-68.5364,83.34,8,0,7.07
101,101,Avera,US,2021-10-02 15:39:37,33.194,-82.5271,80.94,53,15,6.76
102,102,Maragogi,BR,2021-10-02 15:39:37,-9.0122,-35.2225,80.35,76,18,10.6
104,104,Galesong,ID,2021-10-02 15:39:38,-5.3166,119.3661,77.02,77,52,6.13
106,106,Kikwit,CD,2021-10-02 15:39:38,-5.041,18.8162,81.82,62,91,4.59
109,109,Issoire,FR,2021-10-02 15:39:39,45.55,3.25,72.66,47,86,15.95
110,110,Mollendo,PE,2021-10-02 15:39:39,-17.0231,-72.0147,66.07,70,99,11.3
114,114,Njombe,TZ,2021-10-02 15:39:40,-9.3333,34.7667,65.28,44,54,6.91
115,115,Kijang,KR,2021-10-02 15:39:41,35.2442,129.2139,67.73,80,0,4.65
117,117,Lompoc,US,2021-10-02 15:35:22,34.6391,-120.4579,84.13,100,1,0.0
118,118,Akyab,MM,2021-10-02 15:39:41,20.15,92.9,82.83,81,100,7.14
121,121,Ahuimanu,US,2021-10-02 15:39:42,21.4447,-157.8378,76.71,80,90,8.05
122,122,Barcelos,PT,2021-10-02 15:39:43,41.5388,-8.6151,69.48,92,100,11.95
125,125,Ponta Do Sol,PT,2021-10-02 15:39:44,32.6667,-17.1,79.72,74,0,1.95
127,127,Saint George,US,2021-10-02 15:39:44,37.1041,-113.5841,75.34,29,1,0.0
128,128,Cockburn Town,TC,2021-10-02 15:36:48,21.4612,-71.1419,83.07,69,88,14.47
142,142,Yining,CN,2021-10-02 15:39:49,29.0361,114.5636,74.1,79,0,1.99
143,143,Doba,TD,2021-10-02 15:39:49,8.65,16.85,83.64,73,56,4.52
145,145,Avarua,CK,2021-10-02 15:36:04,-21.2078,-159.775,71.65,94,89,1.14
146,146,Georgetown,MY,2021-10-02 15:37:34,5.4112,100.3354,81.9,86,20,0.0
147,147,Mana,GF,2021-10-02 15:39:50,5.6592,-53.7767,84.54,73,62,9.35
149,149,Grand Gaube,MU,2021-10-02 15:39:50,-20.0064,57.6608,74.37,69,4,7.0
150,150,Bambous Virieux,MU,2021-10-02 15:39:51,-20.3428,57.7575,74.21,78,75,17.27
151,151,Belmonte,BR,2021-10-02 15:39:06,-15.8631,-38.8828,84.2,63,27,13.42
156,156,Hasaki,JP,2021-10-02 15:39:52,35.7333,140.8333,68.4,75,57,5.66
159,159,Cidreira,BR,2021-10-02 15:39:53,-30.1811,-50.2056,66.87,67,79,8.86
170,170,Rocha,UY,2021-10-02 15:39:56,-34.4833,-54.3333,66.94,46,0,11.14
171,171,Abu Samrah,SY,2021-10-02 15:39:57,35.3029,37.1841,83.5,26,0,8.32
174,174,Naron,ES,2021-10-02 15:39:58,43.5167,-8.1528,69.67,93,100,21.83
175,175,Acapulco,MX,2021-10-02 15:39:58,16.8634,-99.8901,80.42,78,75,5.75
179,179,Bereda,ES,2021-10-02 15:39:59,43.2686,-7.5406,65.14,93,100,13.06
180,180,Talara,PE,2021-10-02 15:39:59,-4.5772,-81.2719,70.56,73,0,14.97
182,182,Birjand,IR,2021-10-02 15:40:00,32.8663,59.2211,73.87,16,0,18.41
188,188,Daru,PG,2021-10-02 15:40:02,-9.0763,143.2092,77.29,91,100,5.66
192,192,Encruzilhada Do Sul,BR,2021-10-02 15:40:05,-30.5439,-52.5219,68.63,53,64,4.54
193,193,Zhoucheng,CN,2021-10-02 15:40:05,35.9122,116.3117,72.32,80,71,8.46
194,194,Tautira,PF,2021-10-02 15:36:13,-17.7333,-149.15,75.0,77,25,21.45
195,195,Antalaha,MG,2021-10-02 15:40:06,-14.9003,50.2788,71.37,83,9,8.03
198,198,Palmer,US,2021-10-02 15:40:07,42.1584,-72.3287,68.99,59,75,4.61
209,209,Richards Bay,ZA,2021-10-02 15:40:10,-28.783,32.0377,66.85,90,100,8.9
211,211,Sibolga,ID,2021-10-02 15:40:10,1.7427,98.7792,76.64,77,86,2.66
212,212,Goderich,CA,2021-10-02 15:40:11,43.7501,-81.7165,71.2,68,98,12.66
213,213,Guerrero Negro,MX,2021-10-02 15:36:30,27.9769,-114.0611,75.79,63,3,1.28
214,214,Vila Franca Do Campo,PT,2021-10-02 15:40:11,37.7167,-25.4333,73.81,73,22,11.36
217,217,Tual,ID,2021-10-02 15:40:12,-5.6667,132.75,80.69,76,100,6.04
218,218,Middelburg,ZA,2021-10-02 15:40:12,-25.7751,29.4648,72.3,45,53,14.74
223,223,Wanning,CN,2021-10-02 15:40:14,18.8003,110.3967,78.12,81,16,1.36
228,228,Cap Malheureux,MU,2021-10-02 15:40:15,-19.9842,57.6142,74.46,69,2,7.0
229,229,Yuncheng,CN,2021-10-02 15:40:16,35.0231,110.9928,73.69,85,100,6.13
234,234,Yarada,IN,2021-10-02 15:40:16,17.65,83.2667,84.52,84,40,2.3
236,236,Lorengau,PG,2021-10-02 15:36:33,-2.0226,147.2712,79.77,76,9,1.66
240,240,Port Hedland,AU,2021-10-02 15:40:18,-20.3167,118.5667,68.05,77,3,9.22
242,242,Nejdek,CZ,2021-10-02 15:40:19,50.3224,12.7294,65.17,68,20,1.99
243,243,Pringsewu,ID,2021-10-02 15:40:19,-5.3582,104.9744,74.19,96,46,2.95
245,245,Namatanai,PG,2021-10-02 15:40:20,-3.6667,152.4333,79.09,79,95,4.36
246,246,Lawton,US,2021-10-02 15:40:20,34.6087,-98.3903,68.41,90,75,5.75
247,247,Bengkulu,ID,2021-10-02 15:40:20,-3.8004,102.2655,77.27,91,89,7.2
253,253,Alofi,NU,2021-10-02 15:40:22,-19.0595,-169.9187,73.29,94,100,12.66
254,254,Lipari,IT,2021-10-02 15:40:22,38.4674,14.954,76.73,60,100,3.65
256,256,Maldonado,UY,2021-10-02 15:40:23,-34.6667,-54.9167,70.23,46,1,11.81
263,263,Clinton,US,2021-10-02 15:38:39,42.586999999999996,-82.9199,73.89,63,75,1.99
264,264,Dayong,CN,2021-10-02 15:40:25,25.0209,118.2898,82.89,93,1,0.85
265,265,Bubaque,GW,2021-10-02 15:37:57,11.2833,-15.8333,82.72,71,75,4.7
266,266,Napanee,CA,2021-10-02 15:40:25,44.2501,-76.9494,68.77,63,100,11.34
267,267,Inhambane,MZ,2021-10-02 15:40:26,-23.865,35.3833,75.18,83,20,20.71
268,268,Naze,JP,2021-10-02 15:37:31,28.3667,129.4833,77.02,73,5,12.5
270,270,Hobyo,SO,2021-10-02 15:40:26,5.3505,48.5268,79.32,81,2,22.66
272,272,Vanimo,PG,2021-10-02 15:40:27,-2.6741,141.3028,77.65,88,100,2.93
273,273,Port Blair,IN,2021-10-02 15:40:27,11.6667,92.75,80.55,82,97,5.95
274,274,Pangkalanbuun,ID,2021-10-02 15:40:27,-2.6833,111.6167,73.96,95,65,1.05
275,275,Alyangula,AU,2021-10-02 15:40:28,-13.8483,136.4192,80.47,83,97,6.91
277,277,Bardiyah,LY,2021-10-02 15:40:28,31.7561,25.0865,72.88,64,35,12.8
280,280,Tambura,SS,2021-10-02 15:40:29,5.6,27.4667,71.47,92,100,2.59
282,282,Sabratah,LY,2021-10-02 15:40:30,32.7933,12.4885,79.0,52,27,10.69
283,283,Torbay,CA,2021-10-02 15:35:31,47.6666,-52.7314,65.88,76,75,14.97
287,287,Houma,US,2021-10-02 15:40:31,29.5958,-90.7195,82.99,86,100,7.27
288,288,Voh,NC,2021-10-02 15:40:31,-20.9667,164.7,68.74,93,21,5.44
291,291,Butaritari,KI,2021-10-02 15:40:32,3.0707,172.7902,82.58,70,98,22.73
292,292,Tabou,CI,2021-10-02 15:40:33,4.423,-7.3528,79.7,80,84,9.44
294,294,Narragansett,US,2021-10-02 15:40:33,41.4501,-71.4495,71.02,58,1,8.99
296,296,Sola,VU,2021-10-02 15:37:49,-13.8833,167.55,77.25,84,85,7.49
298,298,Biak,ID,2021-10-02 15:40:34,-0.9131,122.8766,75.38,88,78,2.64
299,299,Trojes,AL,2021-10-02 15:40:34,41.756,19.962,70.29,57,0,2.91
300,300,Nanyang,CN,2021-10-02 15:40:35,32.9947,112.5328,76.39,70,55,3.22
301,301,Neiafu,TO,2021-10-02 15:36:02,-18.65,-173.9833,75.88,83,75,8.05
303,303,Mogadishu,SO,2021-10-02 15:40:35,2.0371,45.3438,78.33,86,73,17.16
310,310,Coahuayana,MX,2021-10-02 15:37:41,18.7333,-103.6833,83.68,66,30,0.2
316,316,Padang,ID,2021-10-02 15:40:39,-0.9492,100.3543,75.25,81,100,3.13
320,320,Tuy Hoa,VN,2021-10-02 15:40:40,13.0833,109.3,78.24,87,27,1.16
321,321,Taihe,CN,2021-10-02 15:40:40,30.8712,105.3845,78.75,76,99,6.62
322,322,Upington,ZA,2021-10-02 15:40:41,-28.4478,21.2561,70.18,18,0,11.5
326,326,Kavaratti,IN,2021-10-02 15:40:42,10.5669,72.642,82.22,79,100,16.89
328,328,Souillac,MU,2021-10-02 15:40:42,-20.5167,57.5167,74.35,78,75,17.27
331,331,Hervey Bay,AU,2021-10-02 15:40:43,-25.2986,152.8535,70.03,92,81,6.29
333,333,Paso De Los Toros,UY,2021-10-02 15:40:44,-32.8167,-56.5167,68.34,53,1,13.91
336,336,Limbang,MY,2021-10-02 15:40:45,4.75,115.0,77.31,98,96,2.89
337,337,Mumford,GH,2021-10-02 15:40:45,5.2618,-0.759,80.58,78,65,10.42
338,338,Inirida,CO,2021-10-02 15:40:45,3.8653,-67.9239,84.09,71,100,1.72
339,339,Sabzevar,IR,2021-10-02 15:40:46,36.2126,57.6819,70.88,28,0,20.71
343,343,Labuhan,ID,2021-10-02 15:40:47,-6.8844,112.2051,78.87,73,100,12.12
344,344,Muisne,EC,2021-10-02 15:40:47,0.6,-80.0333,84.31,81,95,9.44
345,345,Cabo San Lucas,MX,2021-10-02 15:38:25,22.8909,-109.9124,80.15,88,90,14.97
347,347,Barghat,IN,2021-10-02 15:40:48,22.0333,79.7167,75.38,87,52,2.93
348,348,Samarai,PG,2021-10-02 15:40:48,-10.6167,150.6667,79.47,84,16,3.49
349,349,Sorong,ID,2021-10-02 15:40:48,-0.8833,131.25,78.98,82,95,5.7
352,352,Veraval,IN,2021-10-02 15:40:49,20.9,70.3667,81.09,83,43,5.44
357,357,Poum,NC,2021-10-02 15:40:51,-20.2333,164.0167,73.78,84,16,18.79
358,358,Tomatlan,MX,2021-10-02 15:37:22,19.9333,-105.25,83.75,67,58,1.81
364,364,Sissach,CH,2021-10-02 15:40:53,47.4641,7.8089,73.15,66,80,1.99
367,367,Barcelona,ES,2021-10-02 15:39:08,41.3888,2.1590000000000003,81.14,75,40,1.01
368,368,Salalah,OM,2021-10-02 15:40:53,17.0151,54.0924,82.49,83,75,10.36
369,369,Plover,US,2021-10-02 15:40:54,44.4564,-89.544,70.18,85,90,5.01
376,376,Singapore,SG,2021-10-02 15:38:50,1.2897,103.8501,80.51,87,40,1.14
379,379,Nhulunbuy,AU,2021-10-02 15:40:57,-12.2333,136.7667,77.61,83,75,6.91
381,381,Mushie,CD,2021-10-02 15:40:57,-3.0167,16.9,80.87,70,95,1.95
389,389,Namibe,AO,2021-10-02 15:41:00,-15.1961,12.1522,65.55,71,1,8.59
390,390,Katsuura,JP,2021-10-02 15:37:38,35.1333,140.3,70.2,82,1,6.29
393,393,Mathathane,BW,2021-10-02 15:41:01,-22.2687,28.7495,83.14,36,77,13.98
396,396,Hukuntsi,BW,2021-10-02 15:41:02,-24.0,21.75,71.13,13,0,12.3
397,397,Callaway,US,2021-10-02 15:41:02,30.153000000000002,-85.5699,84.97,74,1,3.0
400,400,Kuchaman,IN,2021-10-02 15:41:03,27.15,74.85,83.57,64,81,6.29
401,401,Bambanglipuro,ID,2021-10-02 15:41:04,-7.95,110.2833,76.53,79,82,5.23
402,402,Buala,SB,2021-10-02 15:41:04,-8.145,159.5921,79.65,81,97,2.91
403,403,Shimoda,JP,2021-10-02 15:37:38,34.6667,138.95,71.1,83,2,3.87
404,404,Kanniyakumari,IN,2021-10-02 15:41:05,8.0833,77.5667,79.92,85,46,10.83
405,405,Marsa Matruh,EG,2021-10-02 15:41:05,31.3525,27.2453,75.4,53,40,11.5
406,406,Lethem,GY,2021-10-02 15:41:05,3.3803,-59.7968,84.25,70,40,6.91
409,409,Rosarito,MX,2021-10-02 15:41:06,32.3333,-117.0333,82.63,32,100,1.83
410,410,Sur,OM,2021-10-02 15:41:06,22.5667,59.5289,83.66,70,100,4.81
412,412,Senanga,ZM,2021-10-02 15:41:07,-16.1167,23.2667,82.54,39,71,2.89
414,414,Antibes,FR,2021-10-02 15:41:08,43.5624,7.1278,77.36,69,40,8.05
415,415,Banda Aceh,ID,2021-10-02 15:41:08,5.5577,95.3222,79.2,85,96,4.5
416,416,Jining,CN,2021-10-02 15:38:38,35.405,116.5814,72.46,80,69,9.66
418,418,Oakdale,US,2021-10-02 15:41:09,44.963,-92.9649,69.13,91,90,5.75
419,419,Iraan,US,2021-10-02 15:41:09,30.914,-101.8979,74.14,61,28,2.82
420,420,Isangel,VU,2021-10-02 15:41:09,-19.55,169.2667,73.51,88,100,1.14
421,421,Kudahuvadhoo,MV,2021-10-02 15:41:09,2.6708,72.8944,82.92,74,24,13.91
422,422,Merauke,ID,2021-10-02 15:41:10,-8.4667,140.3333,77.68,85,63,7.54
426,426,Sampit,ID,2021-10-02 15:41:11,-2.5333,112.95,73.87,96,87,0.69
428,428,Honiara,SB,2021-10-02 15:41:12,-9.4333,159.95,77.67,88,99,2.73
430,430,Vaitape,PF,2021-10-02 15:41:12,-16.5167,-151.75,79.21,69,29,19.01
431,431,Hualmay,PE,2021-10-02 15:41:13,-11.0964,-77.6139,67.19,70,57,8.16
435,435,Tuburan,PH,2021-10-02 15:41:14,6.6439,122.2736,78.89,79,67,5.57
437,437,Monrovia,LR,2021-10-02 15:41:14,6.3005,-10.7969,82.17,82,100,6.93
438,438,Fontem,CM,2021-10-02 15:41:15,5.4685,9.8818,76.33,77,74,1.48
441,441,Dicabisagan,PH,2021-10-02 15:41:16,17.0818,122.4157,77.74,90,100,4.29
443,443,Pisco,PE,2021-10-02 15:41:16,-13.7,-76.2167,66.25,77,20,12.66
444,444,Roebourne,AU,2021-10-02 15:41:17,-20.7833,117.1333,73.8,25,2,11.54
445,445,Imbituba,BR,2021-10-02 15:41:17,-28.24,-48.6703,69.69,85,100,1.95
451,451,Luanda,AO,2021-10-02 15:38:39,-8.8368,13.2343,77.0,73,20,11.5
453,453,Port-Gentil,GA,2021-10-02 15:41:19,-0.7193,8.7815,82.36,78,75,16.11
455,455,Peniche,PT,2021-10-02 15:41:20,39.3558,-9.3811,76.75,86,85,11.74
457,457,Xixiang,CN,2021-10-02 15:41:21,35.1628,112.865,75.63,82,100,5.57
460,460,Iracoubo,GF,2021-10-02 15:41:21,5.4802,-53.2011,83.25,76,86,9.26
461,461,Alice Springs,AU,2021-10-02 15:41:22,-23.7,133.8833,76.55,16,0,5.75
462,462,Subang,ID,2021-10-02 15:41:22,-7.1277,108.5283,71.8,88,97,3.91
463,463,Karaton,ID,2021-10-02 15:41:22,-6.3424,106.1045,80.96,88,88,2.13
465,465,Phan Thiet,VN,2021-10-02 15:39:54,10.9333,108.1,76.21,92,93,4.65
466,466,Gorontalo,ID,2021-10-02 15:37:33,0.5412,123.0595,75.9,96,100,2.71
470,470,Kapit,MY,2021-10-02 15:41:24,2.0167,112.9333,73.09,99,86,0.83
472,472,Viransehir,TR,2021-10-02 15:41:25,37.2353,39.7631,82.38,22,4,5.59
473,473,Ibicarai,BR,2021-10-02 15:41:25,-14.865,-39.5875,82.38,29,3,7.87
474,474,Beloha,MG,2021-10-02 15:41:25,-25.1667,45.05,75.47,56,31,6.69
476,476,Pundaguitan,PH,2021-10-02 15:41:26,6.3711,126.1689,83.07,71,77,4.7
477,477,Thinadhoo,MV,2021-10-02 15:41:26,0.5333,72.9333,83.48,69,36,12.12
479,479,Saint-Pierre,RE,2021-10-02 15:41:27,-21.3393,55.4781,73.29,73,0,5.75
480,480,Betanzos,ES,2021-10-02 15:41:27,43.2804,-8.2147,69.89,84,75,4.0
481,481,Chittaurgarh,IN,2021-10-02 15:41:28,24.8833,74.6333,79.07,78,89,5.17
482,482,Bell Ville,AR,2021-10-02 15:41:28,-32.6259,-62.6887,74.8,38,94,11.7
486,486,Piura,PE,2021-10-02 15:41:29,-5.2,-80.6333,79.5,47,15,9.24
490,490,Lubbock,US,2021-10-02 15:41:30,33.6001,-101.8338,66.38,76,1,3.0
491,491,Vallenar,CL,2021-10-02 15:41:30,-28.5708,-70.7581,76.24,23,1,7.0
494,494,Concepcion Del Uruguay,AR,2021-10-02 15:41:31,-32.4825,-58.2372,73.98,52,4,8.99
495,495,Santa Maria,BR,2021-10-02 15:39:31,-29.6842,-53.8069,70.9,68,20,10.36
496,496,Tura,IN,2021-10-02 15:41:32,25.5198,90.2201,75.15,87,21,2.73
499,499,Lavumisa,SZ,2021-10-02 15:41:32,-27.31,31.892,69.12,93,94,3.85
504,504,Moerai,PF,2021-10-02 15:41:34,-22.4333,-151.3333,75.78,77,82,10.92
506,506,Hatta,IN,2021-10-02 15:36:48,24.1167,79.6,81.81,72,100,3.53
508,508,Bandarbeyla,SO,2021-10-02 15:41:35,9.4942,50.8122,80.58,76,39,22.97
511,511,Palu,ID,2021-10-02 15:41:35,-0.8917,119.8707,75.33,97,91,2.19
513,513,Rabo De Peixe,PT,2021-10-02 15:41:36,37.8,-25.5833,72.91,88,40,14.97
515,515,Arnstadt,DE,2021-10-02 15:41:36,50.8333,10.95,68.09,55,20,11.5
525,525,Port Moresby,PG,2021-10-02 15:41:39,-9.4431,147.1797,78.22,94,75,3.44
528,528,Beaucaire,FR,2021-10-02 15:41:40,43.8081,4.6442,75.65,69,75,13.8
532,532,Kiunga,PG,2021-10-02 15:41:41,-6.1219,141.2906,73.38,100,94,0.63
533,533,Poroszlo,HU,2021-10-02 15:41:42,47.65,20.6667,66.15,56,56,5.5
535,535,Ibra,OM,2021-10-02 15:41:42,22.6906,58.5334,78.62,57,100,10.07
536,536,Lubao,PH,2021-10-02 15:41:43,14.9167,120.55,84.22,91,100,3.42
538,538,Half Moon Bay,US,2021-10-02 15:41:43,37.4636,-122.4286,77.47,77,1,3.44
541,541,Saint-Joseph,RE,2021-10-02 15:41:44,-21.3667,55.6167,72.21,79,33,10.29
542,542,Isla Mujeres,MX,2021-10-02 15:41:44,21.2311,-86.73100000000001,84.16,68,17,12.59
543,543,Emilio Carranza,MX,2021-10-02 15:41:45,19.9711,-96.6114,82.44,72,100,4.16
544,544,Quatre Cocos,MU,2021-10-02 15:41:45,-20.2078,57.7625,74.08,78,15,14.16
547,547,Umm Lajj,SA,2021-10-02 15:41:46,25.0213,37.2685,82.69,70,4,11.27
548,548,Casablanca,MA,2021-10-02 15:41:46,33.5928,-7.6192,80.82,65,0,13.0
550,550,Lasa,IT,2021-10-02 15:41:47,46.6166,10.7002,66.11,77,85,5.28
554,554,Syracuse,IT,2021-10-02 15:41:48,37.0881,15.2792,71.62,66,86,9.57
557,557,Auki,SB,2021-10-02 15:41:49,-8.7676,160.7034,77.23,86,81,2.57
559,559,Labuan,MY,2021-10-02 15:41:49,5.2767,115.2417,77.36,88,40,2.3
560,560,Erie,US,2021-10-02 15:37:08,42.7667,-78.6664,70.84,54,99,5.99
573,573,Vondrozo,MG,2021-10-02 15:41:54,-22.8167,47.2833,65.55,85,0,5.97
575,575,Bairiki,KI,2021-10-02 15:41:54,1.3292,172.9752,80.6,74,20,10.36
577,577,Boundiali,CI,2021-10-02 15:41:55,9.5217,-6.4869,78.01,77,100,3.15
578,578,Melfi,IT,2021-10-02 15:41:55,40.9965,15.6514,70.99,58,100,6.26
579,579,Surab,PK,2021-10-02 15:41:56,28.4914,66.2585,74.59,18,79,8.63
581,581,Yaan,NG,2021-10-02 15:41:56,7.3833,8.5667,82.45,76,83,3.4
584,584,Rongcheng,CN,2021-10-02 15:41:57,30.634,117.8517,75.97,78,0,3.8
586,586,Tecoanapa,MX,2021-10-02 15:41:58,16.5167,-98.75,84.92,68,41,3.44
588,588,Lukulu,ZM,2021-10-02 15:41:58,-14.3707,23.241999999999997,74.86,58,81,4.25
589,589,Kalmeshwar,IN,2021-10-02 15:41:59,21.2333,78.9,76.62,82,94,2.73
590,590,Tucuman,AR,2021-10-02 15:39:22,-26.8241,-65.2226,82.94,34,0,4.0
591,591,Griffith,US,2021-10-02 15:41:59,41.5284,-87.4237,75.09,75,75,1.01
595,595,Vung Tau,VN,2021-10-02 15:42:00,10.345999999999998,107.0843,79.36,85,81,5.59
602,602,Dubrovnik,HR,2021-10-02 15:42:03,42.6481,18.0922,71.24,64,20,5.75
603,603,Son La,VN,2021-10-02 15:42:03,21.3167,103.9,70.16,98,99,2.95
604,604,Nantucket,US,2021-10-02 15:42:03,41.2835,-70.0995,69.96,61,1,14.97
609,609,Pouembout,NC,2021-10-02 15:42:05,-21.1333,164.9,69.15,92,29,5.39
613,613,Tateyama,JP,2021-10-02 15:42:06,34.9833,139.8667,70.11,79,0,8.34
614,614,Umred,IN,2021-10-02 15:42:06,20.85,79.3333,77.29,84,100,1.68
615,615,Gizo,SB,2021-10-02 15:42:07,-8.103,156.8419,82.15,74,100,3.69
618,618,Mardin,TR,2021-10-02 15:42:08,37.3131,40.7436,84.31,18,40,5.75
619,619,Kilindoni,TZ,2021-10-02 15:42:08,-7.9139,39.6668,77.4,73,76,12.59
620,620,Sao Lourenco Do Sul,BR,2021-10-02 15:42:08,-31.3653,-51.9783,68.05,60,26,5.01
622,622,Ponta Delgada,PT,2021-10-02 15:42:09,37.7333,-25.6667,74.12,83,40,16.11
623,623,Yantai,CN,2021-10-02 15:39:12,37.5333,121.4,69.49,90,36,9.33
624,624,San Juan Evangelista,MX,2021-10-02 15:42:09,17.9,-95.1333,79.92,77,53,6.89
626,626,Mount Darwin,ZW,2021-10-02 15:42:10,-16.7725,31.5838,81.82,28,12,5.79
627,627,Faya,SA,2021-10-02 15:42:10,18.3851,42.4509,73.51,47,91,3.87
628,628,Palomares,MX,2021-10-02 15:42:10,17.15,-95.0667,82.56,77,68,7.76
629,629,Bud,US,2021-10-02 15:42:11,39.446999999999996,-86.1758,69.75,95,100,8.14
630,630,Nichinan,JP,2021-10-02 15:42:11,31.6,131.3667,71.76,81,0,3.47
631,631,Barbastro,ES,2021-10-02 15:42:11,42.0356,0.1269,80.78,42,55,10.89
632,632,Charters Towers,AU,2021-10-02 15:42:12,-20.1,146.2667,69.17,65,2,7.4
633,633,Lata,PT,2021-10-02 15:42:12,40.1629,-8.3327,75.49,64,100,9.78
639,639,Muros,ES,2021-10-02 15:41:14,42.7762,-9.0603,68.23,89,100,24.74
640,640,Basoko,CD,2021-10-02 15:42:14,1.2391,23.616,71.17,96,100,1.97
645,645,Aras,ES,2021-10-02 15:42:15,42.5617,-2.356,74.98,64,0,0.0
646,646,Traverse City,US,2021-10-02 15:42:07,44.7631,-85.6206,75.83,69,40,5.75
648,648,Epe,NG,2021-10-02 15:42:16,6.5841,3.9834,83.5,73,40,9.42
649,649,Outram,MY,2021-10-02 15:42:16,1.2829,103.8379,80.49,87,40,1.14
650,650,Methana,GR,2021-10-02 15:42:17,37.5823,23.3914,69.78,55,1,23.15
653,653,Colares,PT,2021-10-02 15:42:18,38.7992,-9.4469,74.88,71,75,8.99
655,655,Bombay,IN,2021-10-02 15:41:28,19.0144,72.8479,84.18,89,40,4.61
656,656,Ixtapa,MX,2021-10-02 15:42:18,20.7,-105.2,81.23,83,75,5.75
657,657,Fare,PF,2021-10-02 15:42:19,-16.7,-151.0167,78.94,70,8,19.6
658,658,Miraflores,MX,2021-10-02 15:42:19,19.2167,-98.8083,65.05,75,93,0.16
659,659,Ojinaga,MX,2021-10-02 15:42:19,29.5667,-104.4167,78.57,64,1,5.75
660,660,Bentiu,SS,2021-10-02 15:42:20,9.2333,29.8333,80.1,71,87,2.15
662,662,Kulhudhuffushi,MV,2021-10-02 15:42:20,6.6221,73.07,82.09,78,100,15.59
663,663,Balabac,PH,2021-10-02 15:42:21,7.9868,117.0645,78.55,90,100,10.85
665,665,Karratha,AU,2021-10-02 15:37:38,-20.7377,116.8463,73.72,26,1,12.44
667,667,Hirado,JP,2021-10-02 15:42:22,33.3597,129.5531,70.36,70,0,3.65
668,668,Kashi,CN,2021-10-02 15:42:22,39.4547,75.9797,72.61,16,86,24.61
670,670,Dire Dawa,ET,2021-10-02 15:42:23,9.5931,41.8661,79.34,49,83,3.49
673,673,San Nicolas,PH,2021-10-02 15:42:24,18.1725,120.5953,78.71,83,20,2.3
675,675,Manggar,ID,2021-10-02 15:42:24,-2.8833,108.2667,79.12,82,96,3.62
677,677,Camacha,PT,2021-10-02 15:42:25,33.0833,-16.3333,72.36,64,40,12.66
678,678,Bergama,TR,2021-10-02 15:42:25,39.1207,27.1805,76.23,68,9,15.05
685,685,Jishou,CN,2021-10-02 15:42:27,28.3167,109.7167,78.46,70,20,1.86
